Model,Strategy,InitialBankroll,FinalBalance,Profit,BetsPlaced,TotalStaked,ROI_On_Stake,Return_On_Bankroll,MaxDropFromPeak
xgboost,Kelly,100.0,0.0010892100287737733,-99.99891078997122,371,2680.6176411462916,-0.037304429119256806,-0.9999891078997122,0.999998983132434
xgboost,Half-Kelly,100.0,7.958714696712451,-92.04128530328755,371,2648.9719542204275,-0.03474603993320669,-0.9204128530328756,0.983030300251056
xgboost,Intelligent Kelly,100.0,68.21612168430889,-31.783878315691112,371,2547.3303247343574,-0.01247732891453943,-0.3178387831569111,0.7768788174994945
xgboost,Intelligent Half-Kelly,100.0,116.95532383300554,16.955323833005536,371,1412.3109018445998,0.0120053763026685,0.16955323833005537,0.4556781046373606
