Model,Accuracy,Precision,Recall,F1
Logistic Regression,0.5868421052631579,0.3866959064327486,0.4915989159891599,0.4328084818407399
XGBoost,0.5815789473684211,0.3836611731348573,0.4918157181571816,0.4304492630385487
Random Forest,0.5815789473684211,0.3853703703703703,0.495036778939218,0.4317535753575357
