Model,Accuracy,Precision,Recall,F1
Logistic Regression,0.5815789473684211,0.39223057644110276,0.4765156794425087,0.42387362821359204
