Model,Accuracy,Precision,Recall,F1
Logistic Regression,0.5868421052631579,0.3866959064327486,0.4915989159891599,0.4328084818407399
XGBoost,0.5815789473684211,0.3836601307189542,0.4918157181571816,0.4305305615885821
