Model,Accuracy,Precision,Recall,F1
Logistic Regression,0.5973684210526315,0.3942172004710325,0.4992179636082075,0.4402323892519971
XGBoost,0.5763157894736842,0.38107298247567095,0.4888114595431669,0.42705467372134037
