Model,Strategy,InitialBankroll,FinalBalance,Profit,BetsPlaced,TotalStaked,ROI_On_Stake,Return_On_Bankroll,MaxDropFromPeak
random_forest,Kelly,100.0,0.0010949460167156652,-99.99890505398328,377,303.3676158476327,-0.3296294654740209,-0.9999890505398328,0.9999902957827405
random_forest,Half-Kelly,100.0,0.9562480236348613,-99.04375197636514,377,344.78323993217657,-0.2872638240647903,-0.9904375197636515,0.9911196068954499
random_forest,Intelligent Kelly,100.0,20.359198391120646,-79.64080160887936,377,365.5400092504732,-0.21787164084221586,-0.7964080160887935,0.826708704015562
random_forest,Intelligent Half-Kelly,100.0,48.913484730639794,-51.086515269360206,377,276.7768258925115,-0.18457656310142115,-0.5108651526936021,0.5499304812318926
