Model,Strategy,InitialBankroll,FinalBalance,Profit,BetsPlaced,TotalStaked,ROI_On_Stake,Return_On_Bankroll,MaxDropFromPeak
random_forest,Kelly,100.0,0.004442147742028673,-99.99555785225797,374,292.22088737065076,-0.34219168503661535,-0.9999555785225798,0.9999586866569831
random_forest,Half-Kelly,100.0,2.1383073137008535,-97.86169268629915,374,391.2408834591009,-0.2501315604368052,-0.9786169268629915,0.9796695702632984
random_forest,Intelligent Kelly,100.0,24.451407141070423,-75.54859285892958,374,471.40335701366575,-0.1602631626077696,-0.7554859285892959,0.7904281656271457
random_forest,Intelligent Half-Kelly,100.0,54.77326424269821,-45.22673575730179,374,336.00501172844025,-0.1346013725350445,-0.4522673575730179,0.49636360255751466
