Model,Strategy,InitialBankroll,FinalBalance,Profit,BetsPlaced,TotalStaked,ROI_On_Stake,Return_On_Bankroll,MaxDropFromPeak
logistic_regression,Kelly,100.0,3.4561969260223507e-07,-99.9999996543803,369,191.17314978800096,-0.5230860074507013,-0.999999996543803,0.9999999968726042
logistic_regression,Half-Kelly,100.0,0.10518799131690015,-99.8948120086831,369,327.3936959558237,-0.3051213668517375,-0.9989481200868311,0.9990089455471264
logistic_regression,Intelligent Kelly,100.0,13.109772125868014,-86.89022787413198,369,624.1057264504698,-0.13922357092973695,-0.8689022787413198,0.8937472486545363
logistic_regression,Intelligent Half-Kelly,100.0,46.85367624353377,-53.14632375646623,369,528.4220331529285,-0.10057552566337703,-0.5314632375646623,0.6487872509438652
