Model,Strategy,InitialBankroll,FinalBalance,Profit,BetsPlaced,TotalStaked,ROI_On_Stake,Return_On_Bankroll,MaxDropFromPeak
logistic_regression,Kelly,100.0,3.5064202141474686e-08,-99.9999999649358,372,173.74252672704466,-0.5755643241106948,-0.9999999996493579,0.9999999996822242
logistic_regression,Half-Kelly,100.0,0.05944254546708656,-99.94055745453291,372,269.01945979200707,-0.37149936116815546,-0.9994055745453291,0.9994417482060506
logistic_regression,Intelligent Kelly,100.0,15.07783853665101,-84.92216146334898,372,569.8430109528354,-0.14902729318615404,-0.8492216146334899,0.9199123550596986
logistic_regression,Intelligent Half-Kelly,100.0,51.63694642255394,-48.36305357744606,372,527.4522665587363,-0.09169181107701321,-0.4836305357744606,0.6670303182059393
